{
  "grades": {
    "12": {
      "name": "Toán 12",
      "chapters": {
        "1": {
          "name": "Chương 1: Ứng dụng đạo hàm để khảo sát hàm số",
          "lessons": {
            "1": {
              "name": "Bài 1: Tính đơn điệu và cực trị của hàm số",
              "types": {
                "1": "Dạng 1: Xét tính đơn điệu bằng đạo hàm",
                "2": "Dạng 2: Tìm khoảng đơn điệu",
                "3": "Dạng 3: Tìm điểm cực trị",
                "4": "Dạng 4: Bài toán tham số m về đơn điệu/cực trị",
                "5": "Dạng 5: Tiếp tuyến và ứng dụng thực tế"
              }
            },
            "2": {
              "name": "Bài 2: Giá trị lớn nhất, nhỏ nhất của hàm số",
              "types": {
                "1": "Dạng 1: Tìm GTLN, GTNN trên đoạn",
                "2": "Dạng 2: Tìm GTLN, GTNN trên khoảng",
                "3": "Dạng 3: Bài toán tham số m về GTLN, GTNN",
                "4": "Dạng 4: Bài toán tối ưu thực tế"
              }
            },
            "3": {
              "name": "Bài 3: Đường tiệm cận của đồ thị hàm số",
              "types": {
                "1": "Dạng 1: Tiệm cận đứng",
                "2": "Dạng 2: Tiệm cận ngang",
                "3": "Dạng 3: Tiệm cận xiên",
                "4": "Dạng 4: Bài toán tham số m về tiệm cận"
              }
            },
            "4": {
              "name": "Bài 4: Khảo sát và vẽ đồ thị một số hàm số",
              "types": {
                "1": "Dạng 1: Khảo sát hàm bậc ba",
                "2": "Dạng 2: Khảo sát hàm phân thức hữu tỉ",
                "3": "Dạng 3: Lập bảng biến thiên & vẽ đồ thị",
                "4": "Dạng 4: Tiếp tuyến, giao điểm, bài toán điểm uốn",
                "5": "Dạng 5: Bài toán có tham số m"
              }
            }
          }
        },
        "2": {
          "name": "Chương 2: Vectơ và hệ tọa độ trong không gian",
          "lessons": {
            "1": {
              "name": "Bài 1: Vectơ và các phép toán trong không gian",
              "types": {
                "1": "Dạng 1: Cộng, trừ vectơ; nhân vectơ với số",
                "2": "Dạng 2: Tích vô hướng; điều kiện vuông góc",
                "3": "Dạng 3: Góc giữa hai vectơ; hệ thức cos"
              }
            },
            "2": {
              "name": "Bài 2: Tọa độ của vectơ trong không gian",
              "types": {
                "1": "Dạng 1: Tọa độ điểm, vectơ; chuyển hệ",
                "2": "Dạng 2: Độ dài vectơ; khoảng cách giữa hai điểm",
                "3": "Dạng 3: Góc giữa hai vectơ qua tọa độ"
              }
            },
            "3": {
              "name": "Bài 3: Biểu thức tọa độ của các phép toán vectơ",
              "types": {
                "1": "Dạng 1: Cộng, trừ vectơ theo tọa độ",
                "2": "Dạng 2: Tích vô hướng theo tọa độ; song song, vuông góc",
                "3": "Dạng 3: Ứng dụng giải toán hình học không gian"
              }
            }
          }
        },
        "3": {
          "name": "Chương 3: Các số đặc trưng đo mức độ phân tán (mẫu số liệu ghép nhóm)",
          "lessons": {
            "1": {
              "name": "Bài 1: Khoảng biến thiên và khoảng tứ phân vị",
              "types": {
                "1": "Dạng 1: Lập bảng tần số ghép nhóm",
                "2": "Dạng 2: Tính Q1, Q3 và IQR",
                "3": "Dạng 3: Biểu đồ hộp (boxplot) và nhận xét"
              }
            },
            "2": {
              "name": "Bài 2: Phương sai và độ lệch chuẩn",
              "types": {
                "1": "Dạng 1: Tính phương sai, độ lệch chuẩn (ghép nhóm)",
                "2": "Dạng 2: So sánh mức độ phân tán hai mẫu",
                "3": "Dạng 3: Ứng dụng thực tế"
              }
            }
          }
        },
        "4": {
          "name": "Chương 4: Nguyên hàm – Tích phân",
          "lessons": {
            "1": {
              "name": "Bài 1: Nguyên hàm",
              "types": {
                "1": "Dạng 1: Bảng nguyên hàm cơ bản",
                "2": "Dạng 2: Quy tắc tính và phương pháp đổi biến",
                "3": "Dạng 3: Phương pháp từng phần (nếu phù hợp phạm vi)"
              }
            },
            "2": {
              "name": "Bài 2: Tích phân",
              "types": {
                "1": "Dạng 1: Tính tích phân cơ bản",
                "2": "Dạng 2: Kỹ thuật đổi biến/từng phần",
                "3": "Dạng 3: Tích phân có tham số m",
                "4": "Dạng 4: Ứng dụng tính diện tích hình phẳng đơn giản"
              }
            },
            "3": {
              "name": "Bài 3: Ứng dụng hình học của tích phân",
              "types": {
                "1": "Dạng 1: Diện tích hình phẳng (giới hạn bởi đồ thị)",
                "2": "Dạng 2: Thể tích khối tròn xoay (mức cơ bản)"
              }
            }
          }
        },
        "5": {
          "name": "Chương 5: Phương trình mặt phẳng, đường thẳng, mặt cầu",
          "lessons": {
            "1": {
              "name": "Bài 1: Phương trình mặt phẳng",
              "types": {
                "1": "Dạng 1: Lập phương trình mặt phẳng qua điểm, biết VTPT",
                "2": "Dạng 2: Góc, vị trí tương đối hai mặt phẳng",
                "3": "Dạng 3: Khoảng cách từ điểm đến mặt phẳng",
                "4": "Dạng 4: Giao tuyến của hai mặt phẳng"
              }
            },
            "2": {
              "name": "Bài 2: Phương trình đường thẳng trong không gian",
              "types": {
                "1": "Dạng 1: Dạng tham số, dạng chính tắc",
                "2": "Dạng 2: Vị trí tương đối hai đường thẳng (cắt, song song, chéo)",
                "3": "Dạng 3: Góc và khoảng cách",
                "4": "Dạng 4: Giao đường thẳng với mặt phẳng"
              }
            },
            "3": {
              "name": "Bài 3: Phương trình mặt cầu",
              "types": {
                "1": "Dạng 1: Lập phương trình mặt cầu (tâm, bán kính)",
                "2": "Dạng 2: Vị trí tương đối mặt cầu – mặt phẳng/đường thẳng",
                "3": "Dạng 3: Tiếp xúc, tiếp tuyến; bài toán cực trị đơn giản"
              }
            }
          }
        },
        "6": {
          "name": "Chương 6: Xác suất có điều kiện",
          "lessons": {
            "1": {
              "name": "Bài 1: Xác suất có điều kiện",
              "types": {
                "1": "Dạng 1: Định nghĩa và tính xác suất có điều kiện",
                "2": "Dạng 2: Quy tắc nhân xác suất",
                "3": "Dạng 3: Bài toán đếm – xác suất có điều kiện"
              }
            },
            "2": {
              "name": "Bài 2: Công thức xác suất toàn phần và công thức Bayes",
              "types": {
                "1": "Dạng 1: Công thức xác suất toàn phần",
                "2": "Dạng 2: Công thức Bayes",
                "3": "Dạng 3: Bài toán kiểm định/chuẩn đoán (ứng dụng Bayes)"
              }
            }
          }
        }
      }
    },
    "11": {
      "name": "Toán 11",
      "chapters": {
        "1": {
          "name": "Chương 1: Hàm số lượng giác và phương trình lượng giác",
          "lessons": {
            "1": {
              "name": "Bài 1: Góc lượng giác",
              "types": {
                "1": "Dạng 1: Đo góc, đơn vị (độ, radian)",
                "2": "Dạng 2: Cộng, trừ, nhân, chia góc; quy đổi độ–radian",
                "3": "Dạng 3: Góc cùng phương, cùng hướng; cung liên kết"
              }
            },
            "2": {
              "name": "Bài 2: Giá trị lượng giác của một góc lượng giác",
              "types": {
                "1": "Dạng 1: Định nghĩa sin, cos, tan, cot trên đường tròn lượng giác",
                "2": "Dạng 2: Dấu của các giá trị lượng giác; bảng giá trị đặc biệt",
                "3": "Dạng 3: Hệ thức lượng giác cơ bản (sin^2+cos^2=1, …)"
              }
            },
            "3": {
              "name": "Bài 3: Các công thức lượng giác",
              "types": {
                "1": "Dạng 1: Công thức cộng, trừ",
                "2": "Dạng 2: Công thức nhân đôi, hạ bậc",
                "3": "Dạng 3: Biến đổi tổng–tích, tích–tổng",
                "4": "Dạng 4: Nhận dạng và biến đổi biểu thức lượng giác"
              }
            },
            "4": {
              "name": "Bài 4: Hàm số lượng giác và đồ thị",
              "types": {
                "1": "Dạng 1: Tập xác định, tính chẵn lẻ, chu kì",
                "2": "Dạng 2: Đồ thị y = sin x, cos x, tan x, cot x",
                "3": "Dạng 3: Biến đổi đồ thị (tịnh tiến, co giãn, đối xứng)",
                "4": "Dạng 4: Ứng dụng đọc đồ thị – giải phương trình đơn giản"
              }
            },
            "5": {
              "name": "Bài 5: Phương trình lượng giác cơ bản",
              "types": {
                "1": "Dạng 1: Phương trình sin x = a, cos x = a, tan x = a, cot x = a",
                "2": "Dạng 2: Phương trình bậc nhất theo sin, cos",
                "3": "Dạng 3: Phương trình đưa về cơ bản (dùng công thức)",
                "4": "Dạng 4: Bài toán tham số m trong phương trình lượng giác"
              }
            }
          }
        },
        "2": {
          "name": "Chương 2: Dãy số. Cấp số cộng. Cấp số nhân",
          "lessons": {
            "1": {
              "name": "Bài 1: Dãy số",
              "types": {
                "1": "Dạng 1: Khái niệm dãy số, biểu diễn bằng công thức/mô tả",
                "2": "Dạng 2: Dãy xác định bởi hệ thức truy hồi",
                "3": "Dạng 3: Tính đơn điệu và bị chặn của dãy"
              }
            },
            "2": {
              "name": "Bài 2: Cấp số cộng",
              "types": {
                "1": "Dạng 1: Công thức số hạng tổng quát",
                "2": "Dạng 2: Tổng n số hạng đầu S_n",
                "3": "Dạng 3: Bài toán tìm n, d, a1; ứng dụng thực tế đơn giản"
              }
            },
            "3": {
              "name": "Bài 3: Cấp số nhân",
              "types": {
                "1": "Dạng 1: Công thức số hạng tổng quát",
                "2": "Dạng 2: Tổng n số hạng đầu; bài toán lãi kép",
                "3": "Dạng 3: Bài toán tham số m, điều kiện để là CSN"
              }
            }
          }
        },
        "3": {
          "name": "Chương 3: Giới hạn. Hàm số liên tục",
          "lessons": {
            "1": {
              "name": "Bài 1: Giới hạn của dãy số",
              "types": {
                "1": "Dạng 1: Tính giới hạn dãy bằng các quy tắc cơ bản",
                "2": "Dạng 2: Vô hạn bé – vô hạn lớn; so sánh tốc độ tăng",
                "3": "Dạng 3: Chứng minh hội tụ/không hội tụ (mức cơ bản)"
              }
            },
            "2": {
              "name": "Bài 2: Giới hạn của hàm số",
              "types": {
                "1": "Dạng 1: Giới hạn hữu hạn, vô cực tại điểm",
                "2": "Dạng 2: Quy tắc giới hạn; khử dạng vô định cơ bản",
                "3": "Dạng 3: Giới hạn một bên; liên hệ với liên tục"
              }
            },
            "3": {
              "name": "Bài 3: Hàm số liên tục",
              "types": {
                "1": "Dạng 1: Định nghĩa liên tục tại điểm, trên khoảng",
                "2": "Dạng 2: Tính liên tục của các hàm sơ cấp; phép toán với hàm liên tục",
                "3": "Dạng 3: Ứng dụng định lí giá trị trung gian (mức cơ bản)"
              }
            }
          }
        },
        "4": {
          "name": "Chương 4: Đường thẳng và mặt phẳng. Quan hệ song song trong không gian",
          "lessons": {
            "1": {
              "name": "Bài 1: Điểm, đường thẳng và mặt phẳng trong không gian",
              "types": {
                "1": "Dạng 1: Các tiên đề và khái niệm cơ bản",
                "2": "Dạng 2: Vị trí tương đối điểm–đường–mặt phẳng",
                "3": "Dạng 3: Hình chiếu, hình biểu diễn"
              }
            },
            "2": {
              "name": "Bài 2: Hai đường thẳng song song",
              "types": {
                "1": "Dạng 1: Điều kiện song song",
                "2": "Dạng 2: Các tính chất và bài toán dựng hình",
                "3": "Dạng 3: Bài toán chứng minh song song"
              }
            },
            "3": {
              "name": "Bài 3: Đường thẳng và mặt phẳng song song",
              "types": {
                "1": "Dạng 1: Điều kiện song song",
                "2": "Dạng 2: Hệ quả và ứng dụng tính toán",
                "3": "Dạng 3: Bài toán chứng minh song song"
              }
            },
            "4": {
              "name": "Bài 4: Hai mặt phẳng song song",
              "types": {
                "1": "Dạng 1: Điều kiện song song",
                "2": "Dạng 2: Hệ quả, tỉ số đoạn thẳng do mặt phẳng song song",
                "3": "Dạng 3: Bài toán tổng hợp"
              }
            },
            "5": {
              "name": "Bài 5: Phép chiếu song song",
              "types": {
                "1": "Dạng 1: Định nghĩa và tính chất",
                "2": "Dạng 2: Dựng hình bằng phép chiếu song song",
                "3": "Dạng 3: Bài toán tỉ số – diện tích qua phép chiếu"
              }
            }
          }
        },
        "5": {
          "name": "Chương 5: Các số đặc trưng đo xu thế trung tâm cho mẫu số liệu ghép nhóm",
          "lessons": {
            "1": {
              "name": "Bài 1: Số trung bình và mốt của mẫu số liệu ghép nhóm",
              "types": {
                "1": "Dạng 1: Lập bảng tần số – tần suất ghép nhóm",
                "2": "Dạng 2: Tính số trung bình ghép nhóm",
                "3": "Dạng 3: Tìm mốt, so sánh xu thế trung tâm"
              }
            },
            "2": {
              "name": "Bài 2: Trung vị và tứ phân vị của mẫu số liệu ghép nhóm",
              "types": {
                "1": "Dạng 1: Tính trung vị từ bảng ghép nhóm",
                "2": "Dạng 2: Tính Q1, Q3; phân tích tứ phân vị",
                "3": "Dạng 3: Nhận xét – kết luận từ dữ liệu thực tế"
              }
            }
          }
        },
        "6": {
          "name": "Chương 6: Hàm số mũ và hàm số lôgarit",
          "lessons": {
            "1": {
              "name": "Bài 1: Phép tính lũy thừa",
              "types": {
                "1": "Dạng 1: Tính chất lũy thừa, số mũ hữu tỉ",
                "2": "Dạng 2: So sánh, ước lượng bằng lũy thừa",
                "3": "Dạng 3: Bài toán thực tế với lũy thừa"
              }
            },
            "2": {
              "name": "Bài 2: Phép tính lôgarit",
              "types": {
                "1": "Dạng 1: Định nghĩa và tính chất lôgarit",
                "2": "Dạng 2: Đổi cơ số; tính toán lôgarit",
                "3": "Dạng 3: Bài toán thực tế với lôgarit"
              }
            },
            "3": {
              "name": "Bài 3: Hàm số mũ. Hàm số lôgarit",
              "types": {
                "1": "Dạng 1: Tập xác định, tính đơn điệu, đồ thị",
                "2": "Dạng 2: So sánh, giải phương trình đơn giản qua đồ thị",
                "3": "Dạng 3: Ứng dụng mô hình tăng trưởng – suy giảm"
              }
            },
            "4": {
              "name": "Bài 4: Phương trình, bất phương trình mũ và lôgarit",
              "types": {
                "1": "Dạng 1: Phương trình mũ – log cơ bản",
                "2": "Dạng 2: Biến đổi đưa về cơ bản, đặt ẩn phụ",
                "3": "Dạng 3: Bất phương trình mũ – log; hệ mũ – log"
              }
            }
          }
        },
        "7": {
          "name": "Chương 7: Đạo hàm",
          "lessons": {
            "1": {
              "name": "Bài 1: Đạo hàm",
              "types": {
                "1": "Dạng 1: Định nghĩa đạo hàm tại điểm, trên khoảng",
                "2": "Dạng 2: Liên hệ với tốc độ biến thiên tức thời",
                "3": "Dạng 3: Tính đạo hàm từ định nghĩa (mức cơ bản)"
              }
            },
            "2": {
              "name": "Bài 2: Các quy tắc tính đạo hàm",
              "types": {
                "1": "Dạng 1: Quy tắc tổng, hiệu, tích, thương",
                "2": "Dạng 2: Đạo hàm các hàm sơ cấp (mũ, log, lượng giác cơ bản)",
                "3": "Dạng 3: Bài toán vận dụng quy tắc tính đạo hàm"
              }
            }
          }
        },
        "8": {
          "name": "Chương 8: Quan hệ vuông góc trong không gian",
          "lessons": {
            "1": {
              "name": "Bài 1: Hai đường thẳng vuông góc",
              "types": {
                "1": "Dạng 1: Điều kiện vuông góc; tính chất",
                "2": "Dạng 2: Bài toán nhận biết – chứng minh",
                "3": "Dạng 3: Ứng dụng dựng hình"
              }
            },
            "2": {
              "name": "Bài 2: Đường thẳng vuông góc với mặt phẳng",
              "types": {
                "1": "Dạng 1: Định nghĩa, điều kiện vuông góc",
                "2": "Dạng 2: Hình chiếu vuông góc; khoảng cách",
                "3": "Dạng 3: Bài toán tổng hợp"
              }
            },
            "3": {
              "name": "Bài 3: Hai mặt phẳng vuông góc",
              "types": {
                "1": "Dạng 1: Điều kiện vuông góc; góc nhị diện (mức cơ bản)",
                "2": "Dạng 2: Ứng dụng tính góc giữa hai mặt phẳng",
                "3": "Dạng 3: Bài toán dựng hình – chứng minh"
              }
            },
            "4": {
              "name": "Bài 4: Khoảng cách trong không gian",
              "types": {
                "1": "Dạng 1: Khoảng cách điểm–đường; điểm–mặt phẳng",
                "2": "Dạng 2: Khoảng cách giữa hai đường thẳng chéo",
                "3": "Dạng 3: Ứng dụng tính toán hình học không gian"
              }
            },
            "5": {
              "name": "Bài 5: Góc giữa đường thẳng và mặt phẳng. Góc nhị diện",
              "types": {
                "1": "Dạng 1: Góc giữa đường thẳng và mặt phẳng",
                "2": "Dạng 2: Góc nhị diện (khái niệm, cách xác định)",
                "3": "Dạng 3: Bài toán vận dụng tổng hợp"
              }
            }
          }
        },
        "9": {
          "name": "Chương 9: Xác suất",
          "lessons": {
            "1": {
              "name": "Bài 1: Biến cố giao và quy tắc nhân xác suất",
              "types": {
                "1": "Dạng 1: Định nghĩa biến cố; phép giao, độc lập (mức cơ bản)",
                "2": "Dạng 2: Quy tắc nhân xác suất",
                "3": "Dạng 3: Bài toán thực tế với quy tắc nhân"
              }
            },
            "2": {
              "name": "Bài 2: Biến cố hợp và quy tắc cộng xác suất",
              "types": {
                "1": "Dạng 1: Phép hợp; công thức cộng xác suất",
                "2": "Dạng 2: Biến cố đối; xác suất ít nhất/muộn nhất",
                "3": "Dạng 3: Bài toán tổng hợp"
              }
            }
          }
        }
      }
    },
    "10": {
      "name": "Toán 10",
      "chapters": {
        "1": {
          "name": "Chương 1: Mệnh đề và tập hợp",
          "lessons": {
            "1": {
              "name": "Bài 1: Mệnh đề",
              "types": {
                "1": "Dạng 1: Mệnh đề, mệnh đề phủ định",
                "2": "Dạng 2: Kéo theo, tương đương; phản chứng cơ bản",
                "3": "Dạng 3: Biểu diễn mệnh đề bằng kí hiệu logic đơn giản"
              }
            },
            "2": {
              "name": "Bài 2: Tập hợp",
              "types": {
                "1": "Dạng 1: Phần tử, tập con; biểu diễn và liệt kê",
                "2": "Dạng 2: Phép toán hợp, giao, hiệu",
                "3": "Dạng 3: Áp dụng sơ đồ Ven giải bài toán thực tế"
              }
            },
            "3": {
              "name": "Bài 3: Các phép toán trên tập hợp",
              "types": {
                "1": "Dạng 1: Bài toán đếm với hợp/giao/hiệu",
                "2": "Dạng 2: Phân hoạch tập hợp; quan hệ bao hàm",
                "3": "Dạng 3: Bài toán ứng dụng (lớp học, câu lạc bộ, khảo sát)"
              }
            }
          }
        },
        "2": {
          "name": "Chương 2: Bất phương trình và hệ bất phương trình bậc nhất hai ẩn",
          "lessons": {
            "1": {
              "name": "Bài 1: Bất phương trình bậc nhất hai ẩn",
              "types": {
                "1": "Dạng 1: Miền nghiệm trên mặt phẳng tọa độ",
                "2": "Dạng 2: Vẽ nửa mặt phẳng và đường biên",
                "3": "Dạng 3: Bài toán thực tế ràng buộc tuyến tính đơn giản"
              }
            },
            "2": {
              "name": "Bài 2: Hệ bất phương trình bậc nhất hai ẩn",
              "types": {
                "1": "Dạng 1: Giao các miền nghiệm",
                "2": "Dạng 2: Bài toán tối ưu tuyến tính mức cơ bản",
                "3": "Dạng 3: Kiểm tra điểm thỏa hệ ràng buộc"
              }
            }
          }
        },
        "3": {
          "name": "Chương 3: Hàm số bậc hai và đồ thị",
          "lessons": {
            "1": {
              "name": "Bài 1: Hàm số và đồ thị",
              "types": {
                "1": "Dạng 1: Tập xác định, bảng giá trị, đồ thị cơ bản",
                "2": "Dạng 2: Biến đổi đồ thị đơn giản (tịnh tiến, co giãn)",
                "3": "Dạng 3: Đọc đồ thị để giải bài toán thực tế"
              }
            },
            "2": {
              "name": "Bài 2: Hàm số bậc hai",
              "types": {
                "1": "Dạng 1: Đỉnh, trục đối xứng, hướng bề lõm",
                "2": "Dạng 2: Cắt trục, giao hai đồ thị bậc hai – bậc nhất",
                "3": "Dạng 3: Ứng dụng tối ưu hoá đơn giản"
              }
            }
          }
        },
        "4": {
          "name": "Chương 4: Hệ thức lượng trong tam giác",
          "lessons": {
            "1": {
              "name": "Bài 1: Giá trị lượng giác của một góc từ 0° đến 180°",
              "types": {
                "1": "Dạng 1: Định nghĩa sin, cos, tan; bảng giá trị đặc biệt",
                "2": "Dạng 2: Hệ thức lượng giác cơ bản",
                "3": "Dạng 3: Bài toán tính góc, cạnh đơn giản"
              }
            },
            "2": {
              "name": "Bài 2: Định lí côsin và định lí sin",
              "types": {
                "1": "Dạng 1: Vận dụng định lí côsin",
                "2": "Dạng 2: Vận dụng định lí sin",
                "3": "Dạng 3: Bài toán tổng hợp với hai định lí"
              }
            },
            "3": {
              "name": "Bài 3: Giải tam giác và ứng dụng thực tế",
              "types": {
                "1": "Dạng 1: Giải tam giác (đủ dữ kiện)",
                "2": "Dạng 2: Bài toán khoảng cách, chiều cao, đo đạc",
                "3": "Dạng 3: Bài toán quỹ đạo, hướng – phương trình góc"
              }
            }
          }
        },
        "5": {
          "name": "Chương 5: Vectơ",
          "lessons": {
            "1": {
              "name": "Bài 1: Khái niệm vectơ",
              "types": {
                "1": "Dạng 1: Độ dài, hướng, vectơ-không",
                "2": "Dạng 2: Hai vectơ bằng nhau; vectơ đối",
                "3": "Dạng 3: Biểu diễn vectơ trên hệ trục"
              }
            },
            "2": {
              "name": "Bài 2: Tổng và hiệu của hai vectơ",
              "types": {
                "1": "Dạng 1: Quy tắc hình bình hành",
                "2": "Dạng 2: Tính chất phép cộng vectơ",
                "3": "Dạng 3: Ứng dụng dựng hình"
              }
            },
            "3": {
              "name": "Bài 3: Tích của một số với một vectơ",
              "types": {
                "1": "Dạng 1: Co giãn vectơ theo hệ số k",
                "2": "Dạng 2: Hệ quả trên hình học",
                "3": "Dạng 3: Ứng dụng tính toán"
              }
            },
            "4": {
              "name": "Bài 4: Tích vô hướng của hai vectơ",
              "types": {
                "1": "Dạng 1: Định nghĩa; góc giữa hai vectơ",
                "2": "Dạng 2: Tính độ dài, chiếu vectơ",
                "3": "Dạng 3: Ứng dụng nhận biết vuông góc"
              }
            }
          }
        },
        "6": {
          "name": "Chương 6: Thống kê",
          "lessons": {
            "1": {
              "name": "Bài 1: Số gần đúng và sai số",
              "types": {
                "1": "Dạng 1: Làm tròn và ước lượng sai số",
                "2": "Dạng 2: Quy tắc tính với số gần đúng",
                "3": "Dạng 3: Sai số tương đối và tuyệt đối"
              }
            },
            "2": {
              "name": "Bài 2: Mô tả và biểu diễn dữ liệu",
              "types": {
                "1": "Dạng 1: Bảng tần số – tần suất",
                "2": "Dạng 2: Biểu đồ cột, đường, quạt",
                "3": "Dạng 3: Nhận xét, so sánh dữ liệu"
              }
            },
            "3": {
              "name": "Bài 3: Các số đặc trưng đo xu thế trung tâm",
              "types": {
                "1": "Dạng 1: Số trung bình, trung vị, mốt",
                "2": "Dạng 2: Lựa chọn số đo trung tâm phù hợp",
                "3": "Dạng 3: Ứng dụng dữ liệu thực tế"
              }
            },
            "4": {
              "name": "Bài 4: Các số đặc trưng đo mức độ phân tán",
              "types": {
                "1": "Dạng 1: Khoảng biến thiên, phương sai",
                "2": "Dạng 2: Độ lệch chuẩn",
                "3": "Dạng 3: So sánh mức độ phân tán hai mẫu"
              }
            }
          }
        },
        "7": {
          "name": "Chương 7: Bất phương trình bậc hai một ẩn",
          "lessons": {
            "1": {
              "name": "Bài 1: Dấu của tam thức bậc hai",
              "types": {
                "1": "Dạng 1: Lập bảng xét dấu",
                "2": "Dạng 2: Biện luận theo tham số",
                "3": "Dạng 3: Ứng dụng trên bài toán thực tế"
              }
            },
            "2": {
              "name": "Bài 2: Giải bất phương trình bậc hai một ẩn",
              "types": {
                "1": "Dạng 1: BPT bậc hai chuẩn",
                "2": "Dạng 2: BPT chứa trị tuyệt đối, tham số",
                "3": "Dạng 3: Hệ bất phương trình liên quan"
              }
            },
            "3": {
              "name": "Bài 3: Phương trình quy về phương trình bậc hai",
              "types": {
                "1": "Dạng 1: Đặt ẩn phụ",
                "2": "Dạng 2: Biến đổi đại số đưa về bậc hai",
                "3": "Dạng 3: Khai thác đồ thị liên quan"
              }
            }
          }
        },
        "8": {
          "name": "Chương 8: Đại số tổ hợp",
          "lessons": {
            "1": {
              "name": "Bài 1: Quy tắc cộng và quy tắc nhân",
              "types": {
                "1": "Dạng 1: Phân tích trường hợp (quy tắc cộng)",
                "2": "Dạng 2: Liên tiếp lựa chọn (quy tắc nhân)",
                "3": "Dạng 3: Bài toán đếm thực tế"
              }
            },
            "2": {
              "name": "Bài 2: Hoán vị, chỉnh hợp và tổ hợp",
              "types": {
                "1": "Dạng 1: Hoán vị, chỉnh hợp lặp/không lặp",
                "2": "Dạng 2: Tổ hợp; bài toán chọn",
                "3": "Dạng 3: Bài toán sắp xếp – phân chia"
              }
            },
            "3": {
              "name": "Bài 3: Nhị thức Newton",
              "types": {
                "1": "Dạng 1: Khai triển nhị thức Newton",
                "2": "Dạng 2: Hệ số nhị thức; hệ số của x^k",
                "3": "Dạng 3: Ứng dụng tính nhanh – xấp xỉ"
              }
            }
          }
        },
        "9": {
          "name": "Chương 9: Phương pháp toạ độ trong mặt phẳng",
          "lessons": {
            "1": {
              "name": "Bài 1: Toạ độ của vectơ",
              "types": {
                "1": "Dạng 1: Tọa độ điểm và vectơ",
                "2": "Dạng 2: Độ dài, góc giữa hai vectơ",
                "3": "Dạng 3: Hệ thức tọa độ cơ bản"
              }
            },
            "2": {
              "name": "Bài 2: Đường thẳng trong mặt phẳng toạ độ",
              "types": {
                "1": "Dạng 1: Phương trình tổng quát/điểm–vectơ pháp tuyến",
                "2": "Dạng 2: Góc, khoảng cách điểm–đường thẳng",
                "3": "Dạng 3: Vị trí tương đối hai đường thẳng"
              }
            },
            "3": {
              "name": "Bài 3: Đường tròn trong mặt phẳng toạ độ",
              "types": {
                "1": "Dạng 1: Phương trình đường tròn; tâm–bán kính",
                "2": "Dạng 2: Tiếp tuyến, vị trí tương đối",
                "3": "Dạng 3: Giao đường tròn với đường thẳng"
              }
            },
            "4": {
              "name": "Bài 4: Ba đường conic trong mặt phẳng toạ độ",
              "types": {
                "1": "Dạng 1: Parabol – phương trình dạng chuẩn",
                "2": "Dạng 2: Elip – phương trình dạng chuẩn",
                "3": "Dạng 3: Hypebol – phương trình dạng chuẩn"
              }
            }
          }
        },
        "10": {
          "name": "Chương 10: Xác suất",
          "lessons": {
            "1": {
              "name": "Bài 1: Không gian mẫu và biến cố",
              "types": {
                "1": "Dạng 1: Liệt kê không gian mẫu (mức cơ bản)",
                "2": "Dạng 2: Xác định – kết hợp các biến cố",
                "3": "Dạng 3: Ứng dụng mô hình xác suất rời rạc"
              }
            },
            "2": {
              "name": "Bài 2: Xác suất của biến cố",
              "types": {
                "1": "Dạng 1: Công thức xác suất cổ điển",
                "2": "Dạng 2: Quy tắc cộng – nhân xác suất",
                "3": "Dạng 3: Bài toán thực tế có điều kiện đơn giản"
              }
            }
          }
        }
      }
	}
  },
  "categories": [
    "Nhận biết",
    "Thông hiểu",
    "Vận dụng",
    "Vận dụng cao"
  ]
}