{
  "questions": [
    {
      "type": "mcq",
      "question": "22 Trong các hàm số sau, hàm số nào đồng biến trên $\\mathbb{R}$?",
      "option_a": "$y=x^3-x$",
      "option_b": "$y=x^4$",
      "option_c": "$y=2x+1$",
      "option_d": "$y=\\frac{1}{x}$",
      "correct_option": "C",
      "explanation": "Để xét tính đồng biến, nghịch biến của hàm số, ta cần tính đạo hàm của hàm số đó. Hàm số $y=ax+b$ với $a>0$ luôn đồng biến trên $\\mathbb{R}$. Hàm số $y=2x+1$ có $y'=2 > 0$ với mọi $x \\in \\mathbb{R}$. Vậy hàm số $y=2x+1$ đồng biến trên $\\mathbb{R}$."
    },
    {
      "type": "msq",
      "question": "5555Chọn các phương án đúng về hàm số bậc hai (có thể nhiều đáp án):",
      "option_a": "Hàm số bậc hai luôn có đồ thị là parabol",
      "option_b": "Trục đối xứng của parabol luôn là trục Oy",
      "option_c": "Hàm số bậc hai có thể không có nghiệm",
      "option_d": "Parabol luôn có đỉnh",
      "correct_option": "A,C,D",
     
      "explanation": "A đúng: Hàm bậc hai luôn có đồ thị parabol. B sai: Trục đối xứng là x=-b/2a. C đúng: Khi delta < 0. D đúng: Parabol luôn có đỉnh."
    },
    {
      "type": "sa",
      "question": "4444Viết công thức tính diện tích hình tròn có bán kính r:",
      "correct_option": "S = πr²",
      
      "explanation": "Diện tích hình tròn bằng π nhân với bình phương bán kính: S = πr²"
    },
    {
      "type": "mcq",
      "question": "33333Cho hàm số $y = x^2 - 4x + 3$. Tìm tọa độ đỉnh của parabol:",
      "option_a": "(2, -1)",
      "option_b": "(-2, 1)",
      "option_c": "(2, 1)",
      "option_d": "(-2, -1)",
      "correct_option": "A",
     
      "explanation": "Tọa độ đỉnh parabol $y = ax^2 + bx + c$ là $x_0 = -\\frac{b}{2a} = -\\frac{-4}{2.1} = 2$. $y_0 = 2^2 - 4.2 + 3 = -1$. Vậy đỉnh là (2, -1)."
    },
    {
      "type": "msq",
      "question": "2222Chọn các giá trị của m để phương trình $x^2 - 2x + m = 0$ có nghiệm:",
      "option_a": "m ≤ 1",
      "option_b": "m > 1",
      "option_c": "m = 0",
      "option_d": "m = 1",
      "correct_option": "A,C,D",
      
      "explanation": "Phương trình có nghiệm khi $\\Delta \\geq 0$. $\\Delta = 4 - 4m \\geq 0 \\Rightarrow m \\leq 1$. Vậy A, C, D đều đúng."
    }
  ]
}